userid,password,email,payment,phone
U1001,abc,abc@gmail.com,Rs200,9962645746
U1002,abc,abc@gmail.com,Rs200,9962645746
U1003,abc,abc@gmail.com,Rs200,9962645746
U1004,abc,abc@gmail.com,Rs200,9962645746
U1005,abc,abc@gmail.com,Rs200,9962645746
U1006,abc,abc@gmail.com,Rs200,9962645746
U1007,abc,abc@gmail.com,Rs200,9962645746
U1008,abc,abc@gmail.com,Rs200,9962645746
U1009,abc,abc@gmail.com,Rs200,9962645746
U1010,abc,abc@gmail.com,Rs200,9962645746
U1011,abc,abc@gmail.com,Rs200,9962645746
U1012,abc,abc@gmail.com,Rs200,9962645746
U1013,abc,abc@gmail.com,Rs200,9962645746
U1014,abc,abc@gmail.com,Rs200,9962645746
U1015,abc,abc@gmail.com,Rs200,9962645746
U1016,abc,abc@gmail.com,Rs200,9962645746
U1017,abc,abc@gmail.com,Rs200,9962645746
U1018,abc,abc@gmail.com,Rs200,9962645746
U1019,abc,abc@gmail.com,Rs200,9962645746
U1020,abc,abc@gmail.com,Rs200,9962645746
U1021,abc,abc@gmail.com,Rs200,9962645746
U1022,abc,abc@gmail.com,Rs200,9962645746
U1023,abc,abc@gmail.com,Rs200,9962645746
U1024,abc,abc@gmail.com,Rs200,9962645746
U1025,abc,abc@gmail.com,Rs200,9962645746
U1026,abc,abc@gmail.com,Rs200,9962645746
U1027,abc,abc@gmail.com,Rs200,9962645746
U1028,abc,abc@gmail.com,Rs200,9962645746
U1029,abc,abc@gmail.com,Rs200,9962645746
U1030,abc,abc@gmail.com,Rs200,9962645746
U1031,abc,abc@gmail.com,Rs200,9962645746
U1032,abc,abc@gmail.com,Rs200,9962645746
U1033,abc,abc@gmail.com,Rs200,9962645746
U1034,abc,abc@gmail.com,Rs200,9962645746
U1035,abc,abc@gmail.com,Rs200,9962645746
U1036,abc,abc@gmail.com,Rs200,9962645746
U1037,abc,abc@gmail.com,Rs200,9962645746
U1038,abc,abc@gmail.com,Rs200,9962645746
U1039,abc,abc@gmail.com,Rs200,9962645746
U1040,abc,abc@gmail.com,Rs200,9962645746
U1041,abc,abc@gmail.com,Rs200,9962645746
U1042,abc,abc@gmail.com,Rs200,9962645746
U1043,abc,abc@gmail.com,Rs200,9962645746
U1044,abc,abc@gmail.com,Rs200,9962645746
U1045,abc,abc@gmail.com,Rs200,9962645746
U1046,abc,abc@gmail.com,Rs200,9962645746
U1047,abc,abc@gmail.com,Rs200,9962645746
U1048,abc,abc@gmail.com,Rs200,9962645746
U1049,abc,abc@gmail.com,Rs200,9962645746
U1050,abc,abc@gmail.com,Rs200,9962645746
U1051,abc,abc@gmail.com,Rs200,9962645746
U1052,abc,abc@gmail.com,Rs200,9962645746
U1053,abc,abc@gmail.com,Rs200,9962645746
U1054,abc,abc@gmail.com,Rs200,9962645746
U1055,abc,abc@gmail.com,Rs200,9962645746
U1056,abc,abc@gmail.com,Rs200,9962645746
U1057,abc,abc@gmail.com,Rs200,9962645746
U1058,abc,abc@gmail.com,Rs200,9962645746
U1059,abc,abc@gmail.com,Rs200,9962645746
U1060,abc,abc@gmail.com,Rs200,9962645746
U1061,abc,abc@gmail.com,Rs200,9962645746
U1062,abc,abc@gmail.com,Rs200,9962645746
U1063,abc,abc@gmail.com,Rs200,9962645746
U1064,abc,abc@gmail.com,Rs200,9962645746
U1065,abc,abc@gmail.com,Rs200,9962645746
U1066,abc,abc@gmail.com,Rs200,9962645746
U1067,abc,abc@gmail.com,Rs200,9962645746
U1068,abc,abc@gmail.com,Rs200,9962645746
U1069,abc,abc@gmail.com,Rs200,9962645746
U1070,abc,abc@gmail.com,Rs200,9962645746
U1071,abc,abc@gmail.com,Rs200,9962645746
U1072,abc,abc@gmail.com,Rs200,9962645746
U1073,abc,abc@gmail.com,Rs200,9962645746
U1074,abc,abc@gmail.com,Rs200,9962645746
U1075,abc,abc@gmail.com,Rs200,9962645746
U1076,abc,abc@gmail.com,Rs200,9962645746
U1077,abc,abc@gmail.com,Rs200,9962645746
U1078,abc,abc@gmail.com,Rs200,9962645746
U1079,abc,abc@gmail.com,Rs200,9962645746
U1080,abc,abc@gmail.com,Rs200,9962645746
U1081,abc,abc@gmail.com,Rs200,9962645746
U1082,abc,abc@gmail.com,Rs200,9962645746
U1083,abc,abc@gmail.com,Rs200,9962645746
U1084,abc,abc@gmail.com,Rs200,9962645746
U1085,abc,abc@gmail.com,Rs200,9962645746
U1086,abc,abc@gmail.com,Rs200,9962645746
U1087,abc,abc@gmail.com,Rs200,9962645746
U1088,abc,abc@gmail.com,Rs200,9962645746
U1089,abc,abc@gmail.com,Rs200,9962645746
U1090,abc,abc@gmail.com,Rs200,9962645746
U1091,abc,abc@gmail.com,Rs200,9962645746
U1092,abc,abc@gmail.com,Rs200,9962645746
U1093,abc,abc@gmail.com,Rs200,9962645746
U1094,abc,abc@gmail.com,Rs200,9962645746
U1095,abc,abc@gmail.com,Rs200,9962645746
U1096,abc,abc@gmail.com,Rs200,9962645746
U1097,abc,abc@gmail.com,Rs200,9962645746
U1098,abc,abc@gmail.com,Rs200,9962645746
U1099,abc,abc@gmail.com,Rs200,9962645746
U1100,abc,abc@gmail.com,Rs200,9962645746
U1101,abc,abc@gmail.com,Rs200,9962645746
U1102,abc,abc@gmail.com,Rs200,9962645746
U1103,abc,abc@gmail.com,Rs200,9962645746
U1104,abc,abc@gmail.com,Rs200,9962645746
U1105,abc,abc@gmail.com,Rs200,9962645746
U1106,abc,abc@gmail.com,Rs200,9962645746
U1107,abc,abc@gmail.com,Rs200,9962645746
U1108,abc,abc@gmail.com,Rs200,9962645746
U1109,abc,abc@gmail.com,Rs200,9962645746
U1110,abc,abc@gmail.com,Rs200,9962645746
U1111,abc,abc@gmail.com,Rs200,9962645746
U1112,abc,abc@gmail.com,Rs200,9962645746
U1113,abc,abc@gmail.com,Rs200,9962645746
U1114,abc,abc@gmail.com,Rs200,9962645746
U1115,abc,abc@gmail.com,Rs200,9962645746
U1116,abc,abc@gmail.com,Rs200,9962645746
U1117,abc,abc@gmail.com,Rs200,9962645746
U1118,abc,abc@gmail.com,Rs200,9962645746
U1119,abc,abc@gmail.com,Rs200,9962645746
U1120,abc,abc@gmail.com,Rs200,9962645746
U1121,abc,abc@gmail.com,Rs200,9962645746
U1122,abc,abc@gmail.com,Rs200,9962645746
U1123,abc,abc@gmail.com,Rs200,9962645746
U1124,abc,abc@gmail.com,Rs200,9962645746
U1125,abc,abc@gmail.com,Rs200,9962645746
U1126,abc,abc@gmail.com,Rs200,9962645746
U1127,abc,abc@gmail.com,Rs200,9962645746
U1128,abc,abc@gmail.com,Rs200,9962645746
U1129,abc,abc@gmail.com,Rs200,9962645746
U1130,abc,abc@gmail.com,Rs200,9962645746
U1131,abc,abc@gmail.com,Rs200,9962645746
U1132,abc,abc@gmail.com,Rs200,9962645746
U1133,abc,abc@gmail.com,Rs200,9962645746
U1134,abc,abc@gmail.com,Rs200,9962645746
U1135,abc,abc@gmail.com,Rs200,9962645746
U1136,abc,abc@gmail.com,Rs200,9962645746
U1137,abc,abc@gmail.com,Rs200,9962645746
U1138,abc,abc@gmail.com,Rs200,9962645746
U1139,abc,abc@gmail.com,Rs200,9962645746
U1140,abc,abc@gmail.com,Rs200,9962645746
U1141,abc,abc@gmail.com,Rs200,9962645746
U1142,abc,abc@gmail.com,Rs200,9962645746
U1143,abc,abc@gmail.com,Rs200,9962645746
U1144,abc,abc@gmail.com,Rs200,9962645746
U1145,abc,abc@gmail.com,Rs200,9962645746
U1146,abc,abc@gmail.com,Rs200,9962645746
U1147,abc,abc@gmail.com,Rs200,9962645746
U1148,abc,abc@gmail.com,Rs200,9962645746
U1149,abc,abc@gmail.com,Rs200,9962645746
U1150,abc,abc@gmail.com,Rs200,9962645746
U1151,abc,abc@gmail.com,Rs200,9962645746
U1152,abc,abc@gmail.com,Rs200,9962645746
U1153,abc,abc@gmail.com,Rs200,9962645746
U1154,abc,abc@gmail.com,Rs200,9962645746
U1155,abc,abc@gmail.com,Rs200,9962645746
U1156,abc,abc@gmail.com,Rs200,9962645746
U1157,abc,abc@gmail.com,Rs200,9962645746
U1158,abc,abc@gmail.com,Rs200,9962645746
U1159,abc,abc@gmail.com,Rs200,9962645746
U1160,abc,abc@gmail.com,Rs200,9962645746
U1161,abc,abc@gmail.com,Rs200,9962645746
U1162,abc,abc@gmail.com,Rs200,9962645746
U1163,abc,abc@gmail.com,Rs200,9962645746
U1164,abc,abc@gmail.com,Rs200,9962645746
U1165,abc,abc@gmail.com,Rs200,9962645746
U1166,abc,abc@gmail.com,Rs200,9962645746
U1167,abc,abc@gmail.com,Rs200,9962645746
U1168,abc,abc@gmail.com,Rs200,9962645746
U1169,abc,abc@gmail.com,Rs200,9962645746
U1170,abc,abc@gmail.com,Rs200,9962645746
U1171,abc,abc@gmail.com,Rs200,9962645746
U1172,abc,abc@gmail.com,Rs200,9962645746
U1173,abc,abc@gmail.com,Rs200,9962645746
U1174,abc,abc@gmail.com,Rs200,9962645746
U1175,abc,abc@gmail.com,Rs200,9962645746
U1176,abc,abc@gmail.com,Rs200,9962645746
U1177,abc,abc@gmail.com,Rs200,9962645746
U1178,abc,abc@gmail.com,Rs200,9962645746
U1179,abc,abc@gmail.com,Rs200,9962645746
U1180,abc,abc@gmail.com,Rs200,9962645746
U1181,abc,abc@gmail.com,Rs200,9962645746
U1182,abc,abc@gmail.com,Rs200,9962645746
U1183,abc,abc@gmail.com,Rs200,9962645746
U1184,abc,abc@gmail.com,Rs200,9962645746
U1185,abc,abc@gmail.com,Rs200,9962645746
U1186,abc,abc@gmail.com,Rs200,9962645746
U1187,abc,abc@gmail.com,Rs200,9962645746
U1188,abc,abc@gmail.com,Rs200,9962645746
U1189,abc,abc@gmail.com,Rs200,9962645746
U1190,abc,abc@gmail.com,Rs200,9962645746
U1191,abc,abc@gmail.com,Rs200,9962645746
U1192,abc,abc@gmail.com,Rs200,9962645746
U1193,abc,abc@gmail.com,Rs200,9962645746
U1194,abc,abc@gmail.com,Rs200,9962645746
U1195,abc,abc@gmail.com,Rs200,9962645746
U1196,abc,abc@gmail.com,Rs200,9962645746
U1197,abc,abc@gmail.com,Rs200,9962645746
U1198,abc,abc@gmail.com,Rs200,9962645746
U1199,abc,abc@gmail.com,Rs200,9962645746
U1200,abc,abc@gmail.com,Rs200,9962645746
